업소명,도로명주소,소재지주소,음식의유형,주된음식종류,전화번호
물꽁집,부산광역시 중구 흑교로59번길 3 (보수동2가),부산광역시 중구 보수동2가 89-6 ,한식,아구탕, 051 2573230
신정식당,부산광역시 중구 해관로 64-1 (중앙동4가),부산광역시 중구 중앙동4가 30-5번지 ,,, 051 4653212
화국반점,"부산광역시 중구 백산길 3, 1~2층 (동광동3가)",부산광역시 중구 동광동3가 2-6 (1~2층) ,중식,유니짜장, 051 2455305
새진주식당,"부산광역시 중구 흑교로 60, 1,2층 (보수동1가)","부산광역시 중구 보수동1가 77-6 (1,2층) ",한식,비빔밥, 051 2569110
부산명물횟집,부산광역시 중구 자갈치해안로 55 (남포동4가),부산광역시 중구 남포동4가 38 ,횟집,생선회, 051245 4995
남포삼계탕,"부산광역시 중구 남포길 16, 1,2층 (남포동3가, 12-0,2,3,6)","부산광역시 중구 남포동3가 12-0 2,3,6 (1,2층) ",한식,삼계탕, 051 2455075
중앙모밀우동,부산광역시 중구 중앙대로49번길 9-1 (중앙동2가),부산광역시 중구 중앙동2가 27 ,분식,메밀, 051 2468686
황태를 벗삼아,"부산광역시 중구 대청로137번길 10-1, 1층 (중앙동3가)",부산광역시 중구 중앙동3가 12-7 (1층) ,한식,황태찜, 051 4685958
서울깍두기,"부산광역시 중구 중앙대로 111 (대창동1가, 2)",부산광역시 중구 대창동1가 27-1 2 ,,설렁탕, 051 4690717
동화반점,부산광역시 중구 흑교로75번길 3 (보수동2가),부산광역시 중구 보수동2가 73-8 ,중식,자장면, 051 2536661
원산면옥,부산광역시 중구 광복로 56-8 (창선동1가),부산광역시 중구 창선동1가 37-1 ,분식,냉면,051 245 2310
장터보신탕,"부산광역시 중구 광복로 19-1, 2층 (부평동1가, 외 2필지)",부산광역시 중구 부평동1가 35-20 외 2필지 (2층) ,한식,영양탕, 051 2469789
가미가 식당,"부산광역시 중구 광복로67번길 12, 1층 (광복동2가)",부산광역시 중구 광복동2가 2-81번지 (1층) ,한식,생선구이, 051 2467998
이재모피자,"부산광역시 중구 광복중앙로 31 (신창동1가, 2, 4-3)","부산광역시 중구 신창동1가 2-1 2, 4-3 ",경양식,"피자,파스타",051 255 9494
무궁화,"부산광역시 중구 충장대로5번길 46, 1층 (중앙동4가)",부산광역시 중구 중앙동4가 78-23 (1층) ,한식,한정식, 051 4632223
기와집,"부산광역시 중구 대청로137번길 7-2, 1층 (중앙동3가, 1층일부)",부산광역시 중구 중앙동3가 19-2 (1층일부) ,한식,송이버섯,051 466 5550
홍익돈까스 부산남포직영점,"부산광역시 중구 광복로 45-8, 1층 (창선동1가)",부산광역시 중구 창선동1가 21 (1층) ,경양식,돈까스, 051 2474503
한우뭉치,"부산광역시 중구 보수대로 106, 2~3층 (보수동3가)",부산광역시 중구 보수동3가 5-16 ,한식,쇠고기, 051 2543250
본참치,"부산광역시 중구 해관로 73, 1층 (중앙동4가, 일광빌딩)",부산광역시 중구 중앙동4가 51 일광빌딩 ,일식,참치회,051 523 8659
명송,"부산광역시 중구 해관로 32, 1~2층 (중앙동2가)",부산광역시 중구 중앙동2가 13 ,일실,"생선회, 초밥",051 246 1225
굴마을,"부산광역시 서구 구덕로 167, 지상2층 (아미동1가)",부산광역시 서구 아미동1가 21 지상2층 ,한식,굴국밥, 051 2415186
동경초밥,"부산광역시 서구 구덕로321번길 21, 남영빌딩 (서대신동2가)",부산광역시 서구 서대신동2가 10-1 남영빌딩 ,일식,생선초밥, 051 2425788
태성식당,부산광역시 서구 송도해변로 149 (암남동),부산광역시 서구 암남동 127-3 ,일식(횟집),생선회, 051 2421886
이조숯불갈비이조정식,부산광역시 서구 구덕로339번길 31-1 (서대신동3가),부산광역시 서구 서대신동3가 300-2 301-2 ,한식,숯불갈비, 051 2485104
미송하모샤브샤브,부산광역시 서구 충무대로 124 (암남동),부산광역시 서구 암남동 95-21 ,일식(횟집),생선회,051 244 6143
고주몽,부산광역시 서구 구덕로148번길 43-1 (토성동1가),부산광역시 서구 토성동1가 41-4 ,한식,참숯불갈비,051 246 2452
옛날오막집,부산광역시 서구 구덕로274번길 14 (동대신동1가),부산광역시 서구 동대신동1가 232-2 ,한식,양곱창, 051 2436973
물마,부산광역시 서구 대영로45번길 62 (서대신동3가),부산광역시 서구 서대신동3가 411 ,한식,전복삼계탕,051 256 6664
와와샤브(대신점),부산광역시 서구 대영로 54 (서대신동1가),부산광역시 서구 서대신동1가 54 ,한식,샤브샤브,051 245 3330
남원추어탕,부산광역시 동구 중앙대로180번길 9 (초량동),부산광역시 동구 초량동 1204-13 ,,설렁탕, 051 4635433
남경해물낙지,부산광역시 동구 중앙대로196번길 12-8 (초량동),부산광역시 동구 초량동 1204-6 ,,낙지볶음, 051 4696153
밀양돼지국밥,부산광역시 동구 중앙대로196번길 6-11 (초량동),부산광역시 동구 초량동 1204-17 ,,"대구탕,알탕", 051 4639926
부영회관,부산광역시 동구 중앙대로196번길 12-9 (초량동),부산광역시 동구 초량동 1203-17 ,,김치찌게, 051 4625501
부엌우동집,부산광역시 동구 중앙대로214번길 7-9 (초량동),부산광역시 동구 초량동 1200-13 ,,고등어찜,051 462 8610
고궁삼계탕,부산광역시 동구 중앙대로180번길 12-10 (초량동),부산광역시 동구 초량동 1212-3 ,,삼계탕, 051 4636360
고관해물탕,부산광역시 동구 중앙대로349번길 38 (수정동),부산광역시 동구 수정동 96-7 ,한식,해물탕, 051 4637585
별미청돼지국밥,부산광역시 동구 중앙대로226번길 3-2 (초량동),부산광역시 동구 초량동 1197-6 ,,설렁탕, 051 4657188
골목 갈비집,부산광역시 동구 중앙대로221번길 30 (초량동),부산광역시 동구 초량동 411-12 ,,돼지갈비, 051 4637538
감포참가자미,부산광역시 동구 범일로102번길 16-20 (범일동),부산광역시 동구 범일동 830-282 ,,생선초밥,051 643 3187
동촌황정순수육전골,부산광역시 동구 조방로 39-12 (범일동),부산광역시 동구 범일동 830-274 ,,수육전골, 051 6334566
남원 추어탕,부산광역시 동구 진시장로 13 (범일동),부산광역시 동구 범일동 644-10 ,,생선회, 051 6332333
어물전,"부산광역시 동구 조방로26번길 5 (범일동,, 830-198,284)","부산광역시 동구 범일동 830-197 , 830-198,284 ",,보쌈, 051 6447229
이어도식당,부산광역시 동구 중앙대로236번길 10 (초량동),부산광역시 동구 초량동 1196-2 ,,생선회, 051 4659959
양지탕,부산광역시 동구 중앙대로349번길 42 (수정동),부산광역시 동구 수정동 96-5 ,,복국, 051 4654650
소정식당,"부산광역시 동구 범곡남로 17 (범일동,1381-5,6)","부산광역시 동구 범일동 1381-4 1381-5,6 ",,한정식, 051 6432900
범일물갈비,부산광역시 동구 범일로102번길 16-10 (범일동),부산광역시 동구 범일동 830-260 ,,생선회,050713835451
항도회센타,부산광역시 동구 중앙대로221번가길 7 (초량동),부산광역시 동구 초량동 384-10 ,,아구찜,
동해낙지,부산광역시 동구 중앙대로221번길 43 (초량동),부산광역시 동구 초량동 423-2 ,,낙지볶음, 051 4669956
홍보석(부산점),"부산광역시 동구 범일로 125 (범일동,,9층일부)","부산광역시 동구 범일동 62-5 ,9층일부 ",,자장면, 051 6670892
고기백화점 식육식당,부산광역시 동구 중앙대로180번길 12-3 (초량동),부산광역시 동구 초량동 1213-3 ,한식,메밀국수,051 441 9291
참숯골,부산광역시 동구 조방로49번길 25 (범일동),부산광역시 동구 범일동 830-264 ,한식,갈비, 051 6438000
홍성방,부산광역시 동구 중앙대로179번길 16 (초량동),부산광역시 동구 초량동 571 ,,자장면,050713959495
신창돼지국밥,부산광역시 동구 중앙대로214번길 3-4 (초량동),부산광역시 동구 초량동 1200-8 ,,설렁탕, 051 4657180
고려홍삼삼계탕,부산광역시 동구 범일로102번길 16-9 (범일동),부산광역시 동구 범일동 830-268 ,,삼계탕, 051 6383317
건양정홍삼삼계탕 수정점,"부산광역시 동구 고관로 102 (수정동,동환빌딩 2층)",부산광역시 동구 수정동 159-1 동환빌딩 2층 ,한식,삼계탕, 051 4623335
더바른식당,"부산광역시 동구 진성로9번길 11 (수정동,(1층))",부산광역시 동구 수정동 1-161 (1층) ,,삼겹살,
조방왕돈까스전문점,"부산광역시 동구 자성로133번길 31, 신일빌딩 1층 107호 (범일동)",부산광역시 동구 범일동 830-130 신일빌딩 ,,돈까스,051 636 0802
텐이몽,부산광역시 동구 자성로133번길 10 (범일동),부산광역시 동구 범일동 830-9 ,중식,자장면,051 636 8009
대수정,부산광역시 동구 자성로133번길 46 (범일동),부산광역시 동구 범일동 830-77 ,,돌솥밥,051 647 0147
오륙도낙지범일본점,부산광역시 동구 정공단로 46-1 (범일동),부산광역시 동구 범일동 181-1 ,한식,낙지전골,051 638 1589
포항물회,부산광역시 영도구 절영로 478 (동삼동),부산광역시 영도구 동삼동 570-1 ,한식,물회, 051 4059077
장원쌈밥,부산광역시 영도구 중리로 46-9 (동삼동),부산광역시 영도구 동삼동 510-20 ,한식,쌈밥, 051 4044700
제주복국,부산광역시 영도구 절영로 481 (동삼동),부산광역시 영도구 동삼동 487 ,한식,복국, 051 4055050
남촌,부산광역시 영도구 남항로9번길 3 (남항동1가),부산광역시 영도구 남항동1가 59-3 ,한식,샤브샤브, 051 4153230
도원참치물회,부산광역시 영도구 절영로 468 (동삼동),부산광역시 영도구 동삼동 576 ,한식,물회,051 403 5777
1974 골목,부산광역시 부산진구 가야대로784번길 46 (부전동),부산광역시 부산진구 부전동 516-3 ,,숯불갈비, 051803 3850
우정분식,부산광역시 부산진구 동천로85번길 3 (부전동),부산광역시 부산진구 부전동 168-365 ,,돌솥비빔밥, 051803 0303
대서양식당,부산광역시 부산진구 부전로96번길 26 (부전동),부산광역시 부산진구 부전동 477-16 ,,참치회,051 809 0190
동해물회,부산광역시 부산진구 서전로 15 (부전동),부산광역시 부산진구 부전동 142-5 ,한식,물회, 051 8093305
제일횟집,"부산광역시 부산진구 서면문화로 24 (부전동,,25 (1,2,3층))","부산광역시 부산진구 부전동 398-12 ,25 (1,2,3층) ",,일식, 051 8056290
급행장,부산광역시 부산진구 서면문화로 4 (부전동),부산광역시 부산진구 부전동 259-27 ,한식,"소갈비, 갈비탕", 051 8092100
태화육개장,부산광역시 부산진구 서면문화로 18-1 (부전동),부산광역시 부산진구 부전동 397-21 ,한식,"육개장,수육", 051 8025995
장수국밥,"부산광역시 부산진구 새싹로29번길 8 (부전동,,30)","부산광역시 부산진구 부전동 401-23 ,30 ",한식,"돼지국밥,수육", 051 8042277
용궁해물탕,부산광역시 부산진구 서면문화로5번길 10 (부전동),부산광역시 부산진구 부전동 475-17 ,한식,해물탕,051 808 4711
동남갈비,부산광역시 부산진구 부전로96번길 35 (부전동),부산광역시 부산진구 부전동 474-129 ,한식,"돼지갈비, 삼겹살", 051 8043700
제임스백,"부산광역시 부산진구 중앙대로691번가길 24-7, 지상1-2층 (부전동)",부산광역시 부산진구 부전동 516-9 ,,"된장뚝배기,청국장", 051 8055464
남해수산횟집,부산광역시 부산진구 서면문화로 11-1 (부전동),부산광역시 부산진구 부전동 475-4 ,한식,생선회, 051818 9898
중앙숯불갈비,부산광역시 부산진구 골드테마길 65 (범천동),부산광역시 부산진구 범천동 847-32 ,,"돼지갈비,삼겹살", 051 6322008
홍이집,"부산광역시 부산진구 가야대로784번길 42, 지상1층 (부전동)",부산광역시 부산진구 부전동 516-2 지상1층 ,,"오리,삼겹바베큐",051 807 5555
춘하추동밀면,부산광역시 부산진구 서면문화로 48-1 (부전동),부산광역시 부산진구 부전동 404-3 ,분식,밀면, 051 8098659
전통음식점 원양,부산광역시 부산진구 동평로420번길 23 (양정동),부산광역시 부산진구 양정동 393-2 ,,"생갈비,쌈밥",051 864 0773
금룡만두,"부산광역시 부산진구 중앙대로702번길 17-1, 1,2층 (부전동)",부산광역시 부산진구 부전동 168-184 ,,중화요리,051 802 9168
본가낙지,부산광역시 부산진구 골드테마길 2-13 (범천동),부산광역시 부산진구 범천동 837-4 ,,낙지볶음, 051 6421041
가야돼지국밥,부산광역시 부산진구 가야대로454번길 11 (개금동),부산광역시 부산진구 개금동 177-282 ,한식,갈비찜, 051 8925859
대동반점,부산광역시 부산진구 복지로13번길 14 (개금동),부산광역시 부산진구 개금동 177-326 ,,중화요리, 051 8938887
오감 일식점,부산광역시 부산진구 중앙대로691번길 52 (부전동),부산광역시 부산진구 부전동 520-38 ,일식,"생선회,초밥",051 806 1585
일광횟집,부산광역시 부산진구 가야대로588번길 13 (가야동),부산광역시 부산진구 가야동 275-4 ,,생갈비, 051 8986858
동보성,"부산광역시 부산진구 서면문화로 27 (부전동,유원O/T 지하102호, 101호)","부산광역시 부산진구 부전동 474-80 유원O/T 지하102호, 101호 ",,"짜장면,탕수육", 051 8161649
마당집,부산광역시 부산진구 부전로 69 (부전동),부산광역시 부산진구 부전동 512-23 ,,"생등심, 생갈비", 051806 8602
대서양식당,부산광역시 부산진구 부전로96번길 20 (부전동),부산광역시 부산진구 부전동 477-30 ,,참치회, 051 8020909
함경면옥,부산광역시 부산진구 부전로66번길 32 (부전동),부산광역시 부산진구 부전동 516-42 ,,냉면, 051 8913000
부산초밥,부산광역시 부산진구 부전로66번길 16 (부전동),부산광역시 부산진구 부전동 516-67 ,,일식요리, 051 8191688
공감식당,"부산광역시 부산진구 동평로 81, 1층 (당감동)",부산광역시 부산진구 당감동 416-3 (1층) ,한식,삼겹살,051 891 2041
진수밥상,"부산광역시 부산진구 백양관문로 111 (당감동,(1층))",부산광역시 부산진구 당감동 808 (1층) ,분식,막국수, 051 8951511
(주)사미헌,"부산광역시 부산진구 서면문화로 19, 지하1~4층 (부전동)",부산광역시 부산진구 부전동 474-26 ,한식,"등심구이,갈비탕", 051 8196677
사랑채,부산광역시 부산진구 월드컵대로472번길 24 (초읍동),부산광역시 부산진구 초읍동 308-10 ,,, 051 8053832
미락,부산광역시 부산진구 당감서로 90 (부암동),부산광역시 부산진구 부암동 505-1 ,일식,"생선회,초밥", 051 8098077
삼성횟집,부산광역시 부산진구 신천대로65번길 29 (범천동),부산광역시 부산진구 범천동 869-3 ,,생선회,051 644 8693
백양돼지국밥,부산광역시 부산진구 백양관문로 84 (당감동),부산광역시 부산진구 당감동 792-12 ,한식,돼지국밥,051 898 0505
정가네합천돼지국밥,"부산광역시 부산진구 연수로11번길 57 (양정동,전원타워빌상가1층2호)",부산광역시 부산진구 양정동 145-12 전원타워빌상가1층2호 ,한식,돼지국밥,051 868 0071
백향만두,부산광역시 부산진구 당감로 118 (부암동),부산광역시 부산진구 부암동 560-14 ,,"우동,자장면", 051 8166960
그집갈비탕,부산광역시 부산진구 동평로406번길 39 (양정동),부산광역시 부산진구 양정동 389-9 ,,생선회,051 866 0009
다원,부산광역시 부산진구 서면문화로 23-1 (부전동),부산광역시 부산진구 부전동 474-31 ,,등심구이, 051808 3800
일품정가,부산광역시 부산진구 가야대로703번길 25 (당감동),부산광역시 부산진구 당감동 69-7 ,,삼겹살,051 891 9136
현대가든,부산광역시 부산진구 범양로125번길 12 (양정동),부산광역시 부산진구 양정동 507-22 ,,"생갈비,삼겹살", 051 8528866
거북이,"부산광역시 부산진구 전포대로 214 (전포동,,49)","부산광역시 부산진구 전포동 309-8 ,49 ",,순두부, 051 8082423
태백관,부산광역시 부산진구 서전로9번길 52 (부전동),부산광역시 부산진구 부전동 98-10 ,,자장면, 051 8069197
삼부식당,"부산광역시 부산진구 시민공원로19번길 38-6, 2층 (부암동)",부산광역시 부산진구 부암동 80-66 ,,조개칼국수,051 809 8778
자갈마당,부산광역시 부산진구 새싹로29번길 14-12 (부전동),부산광역시 부산진구 부전동 401-11 ,한식,숯불장어구이,051 807 9289
북경,부산광역시 부산진구 시민공원로19번길 32-5 (부암동),부산광역시 부산진구 부암동 80-26 ,,중화요리, 051 8076709
월강,"부산광역시 부산진구 서면로 7, 월강빌딩 1,2,3,4층 (부전동)",부산광역시 부산진구 부전동 533-10 월강빌딩 ,,일식요리,051 806 2500
도마위에 암소,부산광역시 부산진구 서면문화로 48 (부전동),부산광역시 부산진구 부전동 404-5 ,한식,한우,051 805 0073
승승집(가야점),부산광역시 부산진구 가야대로 597 (가야동),부산광역시 부산진구 가야동 56-2 ,한식,설렁탕, 051 8953392
돌쇠본가,부산광역시 부산진구 성지곡로12번길 25 (초읍동),부산광역시 부산진구 초읍동 102-4 ,,"전복갈비찜,돌솥밥",051 804 7980
진가네추어탕,"부산광역시 부산진구 백양순환로 9, 1층 (당감동, 동남주상복합아파트)",부산광역시 부산진구 당감동 623-2 ,한식,추어탕, 051 8914458
에스서울깍두기 전포점,부산광역시 부산진구 서전로 49 (전포동),부산광역시 부산진구 전포동 665-3 ,한식,"설렁탕,곰탕",051 816 3950
승승집 부전역점,"부산광역시 부산진구 중앙대로 786, 101동 2층 203,204,205,206호 (전포동, 에메랄드홈)",부산광역시 부산진구 전포동 876-4 에메랄드홈 ,,샤브샤브,051 808 1238
세연정,"부산광역시 부산진구 가야대로 554, 1층 (가야동)",부산광역시 부산진구 가야동 221-2 ,한식,소고기,051 867 2000
장승포바다장어구이,"부산광역시 부산진구 냉정로 202 (개금동,번지(1층))",부산광역시 부산진구 개금동 554-157 번지(1층) ,한식,바다장어구이,051 894 9996
초원가든,"부산광역시 부산진구 부전로 57, 지상1층 (부전동)",부산광역시 부산진구 부전동 514-1 지상1층 ,한식,"소양념갈비,소진갈비살,한우",051 806 8878
강원삼계탕,"부산광역시 부산진구 개금온정로 10 (개금동,796-1개금롯데캐슬상가2동제지1층 B117,B118,B119)","부산광역시 부산진구 개금동 796 796-1개금롯데캐슬상가2동제지1층 B117,B118,B119 ",한식,"삼계탕,곰탕류",051 502 9116
외식일번가 부산진구점,"부산광역시 부산진구 신천대로 222, 2,3층 (부암동)","부산광역시 부산진구 부암동 123-6 (2,3층) ",한식,쇠고기구이,051 816 0007
건양정홍삼삼계탕서면점,"부산광역시 부산진구 동성로 147 (전포동,외1필지(1.2층))",부산광역시 부산진구 전포동 878-20 외1필지(1.2층) ,한식,삼계탕,051 817 3317
갤러리움웨딩홀부페,"부산광역시 부산진구 중앙대로969번길 11, c201호 (양정동,양정롯데갤러리움아파트(2층))",부산광역시 부산진구 양정동 273-1 양정롯데갤러리움아파트(2층) c201호,뷔페,뷔페,051 852 6776
더스타,"부산광역시 부산진구 중앙대로666번길 50 (부전동,센트럴스타 상가동204,205,206호(지하2층))","부산광역시 부산진구 부전동 537-9 센트럴스타 상가동204,205,206호(지하2층) ",뷔페,뷔페,051 918 8000
바다호호복국,"부산광역시 부산진구 서면문화로 26, 1층 (부전동)",부산광역시 부산진구 부전동 398-8 ,한식,복국, 051 8070009
정동진해물탕해물찜,"부산광역시 부산진구 서면문화로 37 (부전동, 정동진해물탕2~3층)","부산광역시 부산진구 부전동 406-14 외1필지, 지상2~3층 ",한식,"해물탕,해물찜", 051 8098208
대궐집,부산광역시 동래구 동래로136번길 26 (복천동),부산광역시 동래구 복천동 319-3 ,한식,소갈비,051 552 0127
청산도횟집,부산광역시 동래구 명륜로 80-10 (수안동),부산광역시 동래구 수안동 191-7 ,한식,생선회,051 552 9528
미조리식당,부산광역시 동래구 충렬대로256번길 6 (수안동),부산광역시 동래구 수안동 268-10 ,일식,생선회, 051 5561771
오륙도낙지,부산광역시 동래구 사직북로5번길 30 (사직동),부산광역시 동래구 사직동 90-39 ,,낙지볶음, 051 5061854
수목원,부산광역시 동래구 금정마을로 81 (온천동),부산광역시 동래구 온천동 1119-41 ,식육취급,오리, 051 5583399
금수복국 온천점,부산광역시 동래구 온천장로107번길 18 (온천동),부산광역시 동래구 온천동 137-12 ,,복국, 051 5559912
영남식육식당 안락점,부산광역시 동래구 충렬대로 406 (안락동),부산광역시 동래구 안락동 606-21 ,한식,한우숯불구이, 051528 7222
명진생아구찜,부산광역시 동래구 사직북로13번길 13-3 (사직동),부산광역시 동래구 사직동 91-3 ,한식,아구찜, 051 5044445
주식회사세연정,부산광역시 동래구 충렬대로 149 (온천동),부산광역시 동래구 온천동 1438-5 ,,"생갈비, 양념갈비", 051506 6666
금문,부산광역시 동래구 온천장로119번길 57 (온천동),부산광역시 동래구 온천동 144-30 ,중식,중식, 051 5554987
정림,부산광역시 동래구 충렬대로237번길 31-3 (수안동),부산광역시 동래구 수안동 460-3 ,한식,약선요리,051 554 1994
큰집 돼지국밥보쌈,부산광역시 동래구 안연로 58-1 (안락동),부산광역시 동래구 안락동 633-9 ,,돼지국밥, 051 5250555
봉식당,부산광역시 동래구 온천장로119번길 26 (온천동),부산광역시 동래구 온천동 150-15 ,,"보쌈,회",051 556 9911
대하찹쌀아구찜,부산광역시 동래구 사직북로28번길 145 (온천동),부산광역시 동래구 온천동 1256-17 ,,아구찜,
금수복국 동래점,부산광역시 동래구 충렬대로 210 (수안동),부산광역시 동래구 수안동 1-5 ,,복국, 051 5537700
논두렁추어탕,부산광역시 동래구 명륜로139번길 42-5 (명륜동),부산광역시 동래구 명륜동 551-13 ,한식,추어탕, 051 5535769
마루한,부산광역시 동래구 중앙대로1367번길 48-5 (온천동),부산광역시 동래구 온천동 751-12 ,분식,만두국, 051 5533070
골목집,부산광역시 남구 용호로 203-4 (용호동),부산광역시 남구 용호동 532-47 ,한식,돼지갈비, 051 6234592
초원복국,부산광역시 남구 황령대로492번길 30 (대연동),부산광역시 남구 대연동 18-8 ,한식,복국, 051 6283935
청호집,부산광역시 남구 신선로 431 (용당동),부산광역시 남구 용당동 554-2 ,한식,선지국,051 627 6513
더맛,"부산광역시 남구 조각공원로 45, 2층 (대연동)",부산광역시 남구 대연동 561-8 2층 ,한식,"꼬리곰탕, 막국수",051 621 0022
다이닝센 부산본점,"부산광역시 남구 용호로 88, 3,4층 (용호동)",부산광역시 남구 용호동 135-9 ,양식,파스타,051 621 8833
쌍둥이돼지국밥 본점,부산광역시 남구 유엔평화로 35-1 (대연동),부산광역시 남구 대연동 889-5 ,한식,돼지국밥,051 628 7021
화명참숯갈비,부산광역시 북구 화명신도시로 127 (화명동),부산광역시 북구 화명동 2271-6 ,,소갈비, 051 3340468
궁채,"부산광역시 북구 만덕대로 23, 6층 (덕천동, 뉴코아)",부산광역시 북구 덕천동 398-2 ,한식,정식,051 335 3005
선창횟집,부산광역시 해운대구 달맞이길62번길 67 (중동),부산광역시 해운대구 중동 996-6 ,,생선회, 051 7477470
금수복국 본점,"부산광역시 해운대구 중동1로43번길 23 (중동, 1~2층)",부산광역시 해운대구 중동 1394-65 1~2층 ,,복국, 051 7423600
(주)오발탄에프에스 오발탄 해운대점,"부산광역시 해운대구 해운대로570번길 10 (우동, 지상1,2층일부)",부산광역시 해운대구 우동 646-1 ,,양곱창, 051 7466080
3 3 숯불갈비,"부산광역시 해운대구 윗반송로51번길 55 (반송동, 1층)",부산광역시 해운대구 반송동 40-1034 (1층) ,한식,돼지갈비, 051 5325647
해운대소문난삼계탕,"부산광역시 해운대구 중동2로 6 (중동, 외1필지 1층)","부산광역시 해운대구 중동 1394-39 ,40 1층 ",,,051 741 4545
수비가든,부산광역시 해운대구 해운대로469번길 142 (우동),부산광역시 해운대구 우동 1072-38 ,,오리구이, 051 7468998
거북선횟집,부산광역시 해운대구 달맞이길62번길 69 (중동),부산광역시 해운대구 중동 996-7 ,,생선회, 051 7418851
해운대이름난암소갈비,"부산광역시 해운대구 달맞이길 22 (중동, 외2필지 지상3층)","부산광역시 해운대구 중동 1139-4 1147-4,5 지상3층 ",육류취급,소갈비, 051 7440054
원조지구촌암소숯불생,"부산광역시 해운대구 청사포로 103 (중동, 외3필지(1층,2층))","부산광역시 해운대구 중동 503-1 외3필지(1층,2층) ",,갈비류, 051 7046885
신토불이보쌈,"부산광역시 해운대구 구남로29번길 35 (중동, 2층)",부산광역시 해운대구 중동 1380-4 (2층) ,,보쌈, 051 7311441
가야밀면,"부산광역시 해운대구 재반로 142 (재송동, 1층)",부산광역시 해운대구 재송동 1144-5 (1층) ,분식,밀면, 051 7840052
초원복국,"부산광역시 해운대구 해운대해변로 329-2 (중동, 2,3층)","부산광역시 해운대구 중동 1225-5 2,3층 ",,복요리, 051 7435291
남해돼지국밥,"부산광역시 해운대구 선수촌로 184 (반여동, 지상1층)",부산광역시 해운대구 반여동 870-1 ,,돼지국밥, 051 5230468
예이제,"부산광역시 해운대구 해운대해변로298번길 29 (중동, 해운대푸르지오씨디 210~216호)",부산광역시 해운대구 중동 1123 해운대푸르지오씨디 210~216호 ,,한정식, 051 7311100
솔내음한정식,"부산광역시 해운대구 달맞이길117번길 17-11 (중동, 지상3층)",부산광역시 해운대구 중동 1509-5 지상3층 ,,돌솥밥, 051 7468818
덴포라,"부산광역시 해운대구 좌동로10번길 21 (중동, 지상2층)",부산광역시 해운대구 중동 1318-5 지상2층 ,,바다가재, 051 7420633
동백섬 횟집,"부산광역시 해운대구 해운대해변로209번나길 17 (우동, 지상1,2,3층)",부산광역시 해운대구 우동 655-7 ,,생선회, 051 7413888
배비장보쌈,"부산광역시 해운대구 해운대로483번길 1-1 (우동, 외1필지 지상2층)",부산광역시 해운대구 우동 959-1 ,,보쌈, 051 7427755
언양봉계숯불갈비,"부산광역시 해운대구 재반로 186 (반여동, 지상2층 일부)",부산광역시 해운대구 반여동 1291-1021 ,,생갈비, 051 7523662
외식일번가,"부산광역시 해운대구 해운대로 425 (우동, 지상1,2층)",부산광역시 해운대구 우동 1060-1 ,,갈비살,051 743 3338
해운마루,"부산광역시 해운대구 달맞이길62번길 65 (중동, 지상1층)",부산광역시 해운대구 중동 996-1 지상1층 ,,생선회, 051 7432772
서울깍두기,"부산광역시 해운대구 세실로69번길 19 (좌동, 블루스퀘어B동101호)",부산광역시 해운대구 좌동 1461-8 ,,설렁탕,051 703 0085
수백한상,"부산광역시 해운대구 구남로8번길 86, 수백한상 1~2층 (우동)",부산광역시 해운대구 우동 641-18 수백한상 ,,돼지국밥,051 746 5953
할매복국,"부산광역시 해운대구 달맞이길62번길 1 (중동, 2,3층)","부산광역시 해운대구 중동 940-14 2,3층 ",,복국,051 742 2789
수림횟집,"부산광역시 해운대구 해운대해변로221번길 15 (우동, A동 지상1층 )",부산광역시 해운대구 우동 647-1 ,한식,생선회,051 744 5570
동백삼계탕,"부산광역시 해운대구 마린시티3로 23 (우동, 벽산e오렌지상가 320호 - 325호 )",부산광역시 해운대구 우동 1435 ,한식,삼계탕,051 900 9933
수미밥상,"부산광역시 해운대구 재반로 130-1 (재송동, 1층일부)",부산광역시 해운대구 재송동 1131-1 ,한식,보리밥,0517828536
해돈복국,부산광역시 사하구 신산로 169 (신평동),부산광역시 사하구 신평동 544-2 ,한식,복국, 051 2012089
"명품 학장 소갈비찜,탕(괴정점)",부산광역시 사하구 사하로 184-6 (괴정동),부산광역시 사하구 괴정동 958-23 ,한식,생선회, 051 2027890
가락횟집,부산광역시 사하구 하신번영로261번길 14 (하단동),부산광역시 사하구 하단동 1165-9 ,한식,생선회, 051 2934959
고흥녹동세발낙지,부산광역시 사하구 원양로 376 (감천동),부산광역시 사하구 감천동 135-1 ,한식,낙지전골, 051 2021985
오거리밀면,부산광역시 사하구 괴정로 10 (하단동),부산광역시 사하구 하단동 608-17 ,분식,밀면,051 207 6369
어심식당,부산광역시 사하구 낙동대로450번길 12 (당리동),부산광역시 사하구 당리동 305-2 ,일식,생선회, 051 2022244
기운센갈비탕 다대점,부산광역시 사하구 윤공단로 17 (다대동),부산광역시 사하구 다대동 958-16 ,한식,한정식, 051 2664400
옥천숯불구이,부산광역시 사하구 윤공단로 64 (다대동),부산광역시 사하구 다대동 947-6 ,한식,돼지숯불구이, 051 2612669
추담골,부산광역시 사하구 낙동대로233번길 34 (괴정동),부산광역시 사하구 괴정동 878-1 ,한식,추어탕, 051 2912422
구미돈 기사식당,부산광역시 사하구 하신중앙로 40 (장림동),부산광역시 사하구 장림동 1119-0 ,한식,해장국, 051 2619100
괴정 생아구전문,부산광역시 사하구 낙동대로233번길 29 (괴정동),부산광역시 사하구 괴정동 883-12 ,한식,아구찜, 051 2013595
한패 부산본점,부산광역시 사하구 낙동대로 123 (괴정동),부산광역시 사하구 괴정동 358-1 ,한식,돼지갈비, 051 2024554
남해횟집,부산광역시 사하구 하신번영로157번길 34 (신평동),부산광역시 사하구 신평동 624-12 ,한식,생선회, 051 2923345
시골돼지국밥,부산광역시 사하구 괴정로43번길 23 (하단동),부산광역시 사하구 하단동 155-4 ,한식,돼지국밥, 051 2035551
명가정,부산광역시 사하구 감천로38번길 35 (감천동),부산광역시 사하구 감천동 687-1 ,한식,소갈비살, 051 2059997
돈미담왕소금구이,부산광역시 사하구 하신번영로 378 (하단동),부산광역시 사하구 하단동 474 ,한식,삼겹살, 051 2040600
푸주옥,부산광역시 사하구 사하로 133 (괴정동),부산광역시 사하구 괴정동 493-30 ,한식,설렁탕, 051 2078879
신송집,부산광역시 사하구 낙동대로 384 (당리동),부산광역시 사하구 당리동 321-5 ,일식,생선회, 051 2064228
봉수대 숯불갈비,부산광역시 사하구 다대동로 72-2 (다대동),부산광역시 사하구 다대동 341-1 ,한식,바베큐,051 208 0637
다대포원조해물칼국수,"부산광역시 사하구 다대로 665, 2층 (다대동)",부산광역시 사하구 다대동 461-5 2층 ,한식,해물칼국수,051 263 9292
선미아구찜,부산광역시 사하구 괴정로 25-1 (하단동),부산광역시 사하구 하단동 431 ,한식,아구찜,051 271 4567
화화 돼지 왕갈비,"부산광역시 사하구 장림번영로 71 (장림동, 9호동)",부산광역시 사하구 장림동 316-20 ,한식,삼겹살, 055 2634992
해강횟집,부산광역시 사하구 사리로 21 (괴정동),부산광역시 사하구 괴정동 296-4 ,한식,생선회,051 208 0012
주왕산삼계탕,부산광역시 사하구 장림로 188 (장림동),부산광역시 사하구 장림동 673-7 ,한식,삼계탕,051 263 6211
산성집,부산광역시 금정구 산성로 524 (금성동),부산광역시 금정구 금성동 864 ,,염소불고기, 051 5177900
물레방아집,부산광역시 금정구 산성로 522 (금성동),부산광역시 금정구 금성동 882 ,한식,오리고기, 051 5175555
풍년오리박사,부산광역시 금정구 청룡로 40 (청룡동),부산광역시 금정구 청룡동 45-3 ,,오리고기,051 508 4642
송해반점,"부산광역시 금정구 중앙대로 2089-5, 1,2층 101-1,101-2호 (남산동)",부산광역시 금정구 남산동 48-2 ,,중화요리, 051 5174543
성용장,부산광역시 금정구 놀이마당로 25 (청룡동),부산광역시 금정구 청룡동 631-6 ,,오리고기, 051 5085353
소문난 통 찌게마을,부산광역시 금정구 서동로176번길 9 (서동),부산광역시 금정구 서동 210-20 ,,,
본중식,부산광역시 금정구 금샘로 359 (구서동),부산광역시 금정구 구서동 1032-4 ,,,051 512 5005
골목집,부산광역시 금정구 서동로176번길 13-11 (서동),부산광역시 금정구 서동 210-14 ,,복요리, 051 5246177
동경식당,부산광역시 금정구 서동로175번길 32 (서동),부산광역시 금정구 서동 206-13 ,,초밥, 051 5268488
옥미아구찜 남산점,부산광역시 금정구 금강로611번길 36 (남산동),부산광역시 금정구 남산동 993-42 ,,아구찜,051 519 1122
배비장보쌈,"부산광역시 금정구 금정로 239, 1,2,3층 (구서동)",부산광역시 금정구 구서동 84-15 ,,보쌈, 051 5152106
본토박이,부산광역시 금정구 산성로 438 (금성동),부산광역시 금정구 금성동 220-3 ,,염소불고시,051 515 5038
행복한오리구서,부산광역시 금정구 중앙대로1793번길 38 (구서동),부산광역시 금정구 구서동 420-20 ,,생선회,051 583 4406
우정갈비,부산광역시 금정구 금샘로 353 (구서동),부산광역시 금정구 구서동 1032-8 ,,생갈비, 051 5132100
대성갈비,부산광역시 금정구 금강로 630 (남산동),부산광역시 금정구 남산동 179-1 ,,돼지갈비, 051 5148630
부산압구정한우갈비,부산광역시 금정구 청룡로 61 (남산동),부산광역시 금정구 남산동 953-11 ,,생갈비, 051 5120025
금정어(魚)가,부산광역시 금정구 두실로 17 (구서동),부산광역시 금정구 구서동 159-45 ,,장어구이, 051 5148216
별미청 돼지국밥,부산광역시 금정구 금정로 249 (구서동),부산광역시 금정구 구서동 84-4 ,,해물탕,051 583 1688
종하뷔페식당,부산광역시 금정구 식물원로44번길 12 (장전동),부산광역시 금정구 장전동 621-18 ,한식,쌈밥,051 515 5789
손씨집,부산광역시 금정구 상마1길 46 (청룡동),부산광역시 금정구 청룡동 517-4 ,,오리고기, 051 5084477
오복미역,부산광역시 금정구 금정로 251 (구서동),부산광역시 금정구 구서동 84-17 ,,회초밥,051 582 5926
돈모리,부산광역시 금정구 금강로 593 (구서동),부산광역시 금정구 구서동 637-2 ,,,051 583 9289
카페드팽(Cafe' De Pain),"부산광역시 금정구 금강로 247-7, 1층 (장전동)",부산광역시 금정구 장전동 424-3 ,,비빔밥,
참나무숯불구이,부산광역시 금정구 금정로 25 (장전동),부산광역시 금정구 장전동 342-13 ,,생갈비, 051 5825392
금정산성 창녕집,부산광역시 금정구 산성로 520 (금성동),부산광역시 금정구 금성동 876 ,한식,오리고기,051 517 5288
현대가든,부산광역시 금정구 산성로 510 (금성동),부산광역시 금정구 금성동 713-2 ,,염소불고기, 051 5176767
(주)꾼닭꾼덕,부산광역시 금정구 금정로 57 (장전동),부산광역시 금정구 장전동 422-3 ,,부대찌게, 051 5825491
청사초롱,부산광역시 금정구 산성로 447 (금성동),부산광역시 금정구 금성동 554-15 ,,염소불고기,051 517 8849
미방,부산광역시 금정구 하마1길 57 (청룡동),부산광역시 금정구 청룡동 435-1 ,,오리고기,051 508 3222
고기집,부산광역시 금정구 범어천로 66 (남산동),부산광역시 금정구 남산동 18-1 ,,생갈비, 051 5824688
선비촌숯불한우,부산광역시 금정구 남산로 39 (남산동),부산광역시 금정구 남산동 987-3 ,,소갈비, 051 5157889
경희궁,부산광역시 금정구 금샘로 441 (구서동),부산광역시 금정구 구서동 1005-8 ,한식,샤브샤브, 051 5179292
서울녹각삼계탕,부산광역시 금정구 반송로 412 (금사동),부산광역시 금정구 금사동 145-3 ,,삼계탕, 051 5279191
명수정,"부산광역시 금정구 구서로 23, 4층 (구서동)",부산광역시 금정구 구서동 413-3 ,,생갈비, 051 5174114
다루,부산광역시 금정구 금샘로 375 (구서동),부산광역시 금정구 구서동 1026-9 ,,,051 513 3395
보배쭈꾸미 구서점,부산광역시 금정구 금정로233번길 41 (구서동),부산광역시 금정구 구서동 415-2 ,한식,고기뷔페,
장인해장국,부산광역시 금정구 부산대학로64번길 12-4 (장전동),부산광역시 금정구 장전동 401-25 ,,보쌈, 051 5181320
마루돼지국밥,부산광역시 금정구 개좌로 59-12 (금사동),부산광역시 금정구 금사동 67-15 ,,생선회, 051 5297224
선미아구찜,부산광역시 금정구 금샘로 473 (남산동),부산광역시 금정구 남산동 992-2 ,,아구찜, 051 5141212
대성관,부산광역시 금정구 금강로 179 (장전동),부산광역시 금정구 장전동 598-8 ,,생선회, 051 5184001
일송면옥,"부산광역시 금정구 부곡로141번길 6, 1,2층 (부곡동)",부산광역시 금정구 부곡동 273-25 ,,"밀면,갈비", 051 5143381
서울식당,부산광역시 금정구 서부로16번길 10 (서동),부산광역시 금정구 서동 196-25 ,,갈비, 051 5279433
오륙도낙지,부산광역시 금정구 수림로20번길 49 (부곡동),부산광역시 금정구 부곡동 65-6 ,,낙지볶음, 051 5150016
맛골,부산광역시 금정구 서동중심로 62 (서동),부산광역시 금정구 서동 199-5 ,,샤브샤브, 051 5255004
천미식당,부산광역시 금정구 식물원로44번길 8-4 (장전동),부산광역시 금정구 장전동 621-10 ,,회정식, 051 5827991
서울깍두기,부산광역시 금정구 장전온천천로 75 (장전동),부산광역시 금정구 장전동 412-11 ,한식,설렁탕,051 582 9005
남산찹쌀아구찜,부산광역시 금정구 금강로 694 (남산동),부산광역시 금정구 남산동 96-1 ,,아구찜,051 516 1506
한우고기집,부산광역시 금정구 금샘로 341 (구서동),부산광역시 금정구 구서동 1033-3 ,,스테이크, 051 5833553
거창맷돌(본점),부산광역시 금정구 부곡로 158 (부곡동),부산광역시 금정구 부곡동 265-9 ,,순두부, 051 5133537
무심정,부산광역시 금정구 북문로 23 (금성동),부산광역시 금정구 금성동 528-4 ,,오리고기,051 517 3352
늘아침,부산광역시 금정구 부산대학로64번길 155 (장전동),부산광역시 금정구 장전동 157-18 ,,오리고기, 051 5189200
서울깍두기,부산광역시 금정구 금단로 203 (남산동),부산광역시 금정구 남산동 251-4 ,,설렁팅, 051 5821411
마루,부산광역시 금정구 중앙대로1719번길 23 (부곡동),부산광역시 금정구 부곡동 225-71 ,,감자탕, 051 5832491
바보낙지 범어사점,부산광역시 금정구 청룡로 59 (남산동),부산광역시 금정구 남산동 954-1 ,,샤브샤브, 051 5831411
황금오리,부산광역시 금정구 금강로446번길 41 (구서동),부산광역시 금정구 구서동 252-18 ,한식,오리고기,051 512 5294
금정산성 금성,부산광역시 금정구 산성로 443 (금성동),부산광역시 금정구 금성동 225 ,,염소불고기,051 517 4847
초심한우정,부산광역시 금정구 범어천로 11 (남산동),부산광역시 금정구 남산동 103-18 ,,생갈비,051 517 7892
백향목,부산광역시 금정구 땅곡길 37 (금성동),부산광역시 금정구 금성동 295 ,,,051 517 9252
주식회사 이랴이랴 푸드웰,부산광역시 금정구 중앙대로 1975 (남산동),부산광역시 금정구 남산동 129-8 ,,갈비, 051 5171003
달궈진 불판집 온천직영점,부산광역시 금정구 온천장로 133 (장전동),부산광역시 금정구 장전동 652-76 ,,삼겹살,
장어만(鰻),부산광역시 금정구 중앙대로 1617-12 (부곡동),"부산광역시 금정구 부곡동 268-2 101동 103,104호",,,
푸주옥 설렁탕 도가니탕,부산광역시 금정구 금정로 248 (구서동),부산광역시 금정구 구서동 420-56 ,,,051 518 9520
하마정원,부산광역시 금정구 범어사로 344 (청룡동),부산광역시 금정구 청룡동 208-1 ,한식,생갈비,051 508 9233
하얀집,부산광역시 강서구 과학산단로334번다길 10 (지사동),부산광역시 강서구 지사동 1191-6 ,한식,대구탕,051 973 7008
진해물산(주)용장어요리전문점,부산광역시 강서구 낙동남로682번길 94 (녹산동),부산광역시 강서구 녹산동 97-20 ,한식,장어,051 941 5031
부산축산농협 축산물종합프라자,"부산광역시 강서구 낙동남로 446-1, 1층,2층 (녹산동)",부산광역시 강서구 녹산동 1215-17 1층 2층 ,한식,불고기,051 831 3200
동원숯불갈비,부산광역시 연제구 과정로276번길 9 (연산동),부산광역시 연제구 연산동 366-47 ,한식,돼지갈비, 051 8642379
해암뷔페,"부산광역시 연제구 중앙대로 1099 (연산동,,13)","부산광역시 연제구 연산동 1242-8 ,13 ",뷔페식,뷔페,051 867 7600
팔미초밥,"부산광역시 연제구 월드컵대로119번길 8, 팔미빌딩 2층 (연산동)",부산광역시 연제구 연산동 701-8 팔미빌딩 ,일식,회초밥, 051 8650160
국제밀면,부산광역시 연제구 중앙대로1235번길 23-6 (거제동),부산광역시 연제구 거제동 242-23 ,분식,밀면, 051 5015507
가야할매밀면,"부산광역시 연제구 월드컵대로145번길 32 (연산동,1층)",부산광역시 연제구 연산동 1279-1 1층 ,분식,밀면, 051 8658017
대명가꼬리곰탕,부산광역시 연제구 월드컵대로145번길 37 (연산동),부산광역시 연제구 연산동 1287-8 ,한식,꼬리곰탕, 051 8535564
청담,부산광역시 연제구 연안로 1 (연산동),부산광역시 연제구 연산동 419-5 ,한식,정식, 051 7610002
만수아구찜,부산광역시 연제구 교대로54번길 9-4 (거제동),부산광역시 연제구 거제동 347-0 ,한식,"아구찜, 수육", 051 5024354
가야골갈비,부산광역시 연제구 법원북로 63-2 (거제동),부산광역시 연제구 거제동 380-7 ,한식,돼지갈비, 051 5031567
옛고을,부산광역시 연제구 법원북로 77-4 (거제동),부산광역시 연제구 거제동 386-30 ,,,
일품향,부산광역시 연제구 법원북로3번길 7 (거제동),부산광역시 연제구 거제동 1476-9 ,중식,중식, 051 5077762
청산민물장어,부산광역시 연제구 월드컵대로145번길 42 (연산동),부산광역시 연제구 연산동 1288-22 ,한식,장어구이,051 853 8892
돌집,"부산광역시 연제구 법원남로10번길 23-1 (거제동,301호)",부산광역시 연제구 거제동 1488-2 301호 ,한식,정식, 051 5079233
만포장 회 전문점,부산광역시 연제구 법원북로3번길 15 (거제동),부산광역시 연제구 거제동 1476-7 ,일식,생선회, 051 5036865
우미장꼬리곰탕,부산광역시 연제구 법원로32번길 18 (거제동),부산광역시 연제구 거제동 1489-1 ,한식,생태탕, 051 5012208
윤태금 복국,"부산광역시 연제구 월드컵대로145번길 29 (연산동,(덕산프라자 2층))",부산광역시 연제구 연산동 1287-13 (덕산프라자 2층) ,한식,복국, 051 8665295
영덕대게시청점,부산광역시 연제구 거제천로 101-1 (거제동),부산광역시 연제구 거제동 457-30 ,,, 051 8633572
대륙 미가원,"부산광역시 연제구 월드컵대로120번길 12 (연산동,1층)",부산광역시 연제구 연산동 746-3 1층 ,한식,아구찜, 051 8668008
토곡정,부산광역시 연제구 토곡로 7 (연산동),부산광역시 연제구 연산동 490-30 ,한식,소고기 모듬구이,051 751 9280
부자회관 부산시청점,부산광역시 연제구 신촌로23번길 24 (연산동),부산광역시 연제구 연산동 1502-16 ,한식,소갈비, 055 3124418
용궁반점,"부산광역시 수영구 무학로22번길 4, 1층 (광안동)",부산광역시 수영구 광안동 120-124 1층 ,중식,자장면, 051 7512267
청송양곱창,"부산광역시 수영구 남천동로108번길 8, 1~2층 (남천동)",부산광역시 수영구 남천동 6-13 ,한식,양곱창,051 627 5291
청산1954,"부산광역시 수영구 황령산로 29, 2층 (남천동)",부산광역시 수영구 남천동 45-9 2층 ,한식,"유황청둥오리,흑돼지생삼겹살", 051 6250500
뉴부산횟집,"부산광역시 수영구 광안해변로 31-5, 1~3층 (남천동)",부산광역시 수영구 남천동 558-17 1~3층 ,한식,생선회, 051 6254200
서울부대찌게,"부산광역시 수영구 남천동로9번길 66, 1층 (남천동)",부산광역시 수영구 남천동 9-8 (1층) ,한식,"부대찌개, 전골",051 621 8080
서울깍두기,"부산광역시 수영구 남천동로9번길 61, 1층 (남천동)",부산광역시 수영구 남천동 8-4 1층 ,한식,설렁탕, 051 6213989
포항물횟집,"부산광역시 수영구 광안해변로290번길 17, 1~2층 (민락동)",부산광역시 수영구 민락동 181-120 ,한식,"생선회, 물회", 051 7525732
남천삼계탕,"부산광역시 수영구 남천동로108번길 14, 1층 (남천동)",부산광역시 수영구 남천동 6-8 (1층) ,한식,삼계탕,051 759 1999
광안리 까치횟집,"부산광역시 수영구 광안해변로344번길 17-20, 5층 5호 (민락동, 풍경타워)",부산광역시 수영구 민락동 110-50 풍경타워 5층 5호 ,한식,생선회, 051 7535866
동화대반점,"부산광역시 수영구 수영로427번길 11, 1~2층 (남천동)",부산광역시 수영구 남천동 69-2 1~2층 ,중식,탕수육, 051 6116686
할매재첩국,"부산광역시 수영구 광남로120번길 8, 1층 (광안동)","부산광역시 수영구 광안동 198-1 8,9 (1층) ",,재첩국, 051 7517658
광안밀면,"부산광역시 수영구 수영로 587, 1층 (광안동)",부산광역시 수영구 광안동 741-9 외 2필지 ,한식,밀면, 051 7515250
수정궁,"부산광역시 수영구 민락수변로 25, 1~5층 (민락동, 수정궁빌딩)","부산광역시 수영구 민락동 181-166 수정궁빌딩, 1~5층 ",한식,생선회,051 753 2811
광안리 부산횟집,"부산광역시 수영구 민락수변로 29, 4층 (민락동, 바다마루)",부산광역시 수영구 민락동 181-223 바다마루 4층 ,한식,생선회,051 753 8881
광안리 신라횟집,"부산광역시 수영구 민락수변로7번길 16, 비치프라자 2~4층 (민락동)",부산광역시 수영구 민락동 181-149 비치프라자 ,한식,생선회,051 753 2800
여로초장집,부산광역시 사상구 백양대로 977-1 (모라동),부산광역시 사상구 모라동 1329-1 ,한식,생선회, 051 3122881
곰보식당,부산광역시 사상구 낙동대로 1564 (삼락동),부산광역시 사상구 삼락동 50-1 ,한식,안심,051 304 7733
삼락하동재첩국,부산광역시 사상구 낙동대로1518번길 33 (삼락동),부산광역시 사상구 삼락동 70-20 ,한식,재첩국, 051301 7200
할매재첩국,부산광역시 사상구 낙동대로1530번길 20-15 (삼락동),부산광역시 사상구 삼락동 69-4 ,한식,재첩국, 051 3017069
남촌 안주마을,부산광역시 사상구 광장로81번길 27 (괘법동),부산광역시 사상구 괘법동 535-8 ,한식,돼지갈비, 051 3272127
만리장성,부산광역시 사상구 새벽시장로56번길 37 (감전동),부산광역시 사상구 감전동 151-7 ,중식,자장면,051 327 6652
아지매제첩국,부산광역시 사상구 낙동대로1530번길 20-9 (삼락동),부산광역시 사상구 삼락동 69-3 ,한식,재첩국, 051 3011423
아낙촌,부산광역시 사상구 낙동대로 722 (엄궁동),부산광역시 사상구 엄궁동 159-1 ,한식,해장국,
대궐안집 ,부산광역시 사상구 광장로 68 (괘법동),부산광역시 사상구 괘법동 559-11 ,한식,소갈비, 051 3221223
호돌이갈비,부산광역시 사상구 사상로 285 (덕포동),부산광역시 사상구 덕포동 422-15 ,한식,돼지갈비,051 302 0460
대한복집,"부산광역시 사상구 새벽로202번길 10, 1층 (괘법동)",부산광역시 사상구 괘법동 581-30 1층 ,한식,복국, 051 3224888
오륙도낙지,부산광역시 사상구 모라로 64 (모라동),부산광역시 사상구 모라동 1039-0 ,한식,낙지전골, 051 3015253
삼락식당,부산광역시 사상구 사상로233번길 10 (괘법동),부산광역시 사상구 괘법동 524-45 ,한식,재첩국,051 328 4140
엄궁복국,부산광역시 사상구 낙동대로 765 (엄궁동),부산광역시 사상구 엄궁동 475-1 ,한식,복국,051 314 1134
곱테랑,부산광역시 사상구 새벽로 218 (괘법동),부산광역시 사상구 괘법동 558-7 ,한식,정식,051 317 2071
구덕민속촌,부산광역시 사상구 학감대로39번안길 15-17 (학장동),부산광역시 사상구 학장동 153 ,한식,생갈비, 051 3110127
주왕산삼계탕,부산광역시 사상구 광장로 34 (괘법동),부산광역시 사상구 괘법동 565-6 2호동 ,한식,삼계탕,051 313 3328
황토민물장어구이,부산광역시 사상구 새벽로202번길 10 (괘법동),부산광역시 사상구 괘법동 581-30 ,한식,장어구이, 051 3248892
고집불통,부산광역시 사상구 백양대로 463 (주례동),부산광역시 사상구 주례동 367-1 ,한식,삼겹살, 051 3158227
기장대게도매,부산광역시 사상구 엄궁로 7 (엄궁동),부산광역시 사상구 엄궁동 687-3 ,한식,대게, 051 3234900
갈매기 마을,부산광역시 사상구 학장로 330 (주례동),부산광역시 사상구 주례동 1162-28 ,한식,대패삼겹살,
바다회센타,부산광역시 사상구 사상로469번길 20 (모라동),부산광역시 사상구 모라동 750-1 ,한식,생선회,051 302 2342
돈짝 학장점,부산광역시 사상구 학감대로123번길 43 (학장동),부산광역시 사상구 학장동 451-6 ,한식,장어구이,051 312 5005
르네상스(크로네) 뷔폐,"부산광역시 사상구 광장로 60, 4~5층 (괘법동, 르네상스호텔)",부산광역시 사상구 괘법동 559-6 르네상스호텔 4~5층 ,뷔페식,뷔폐,051 327 3877
최기택송이아구찜,부산광역시 사상구 엄궁로 206 (엄궁동),부산광역시 사상구 엄궁동 567-6 ,한식,아구찜,051 322 8688
창녕순대국밥,"부산광역시 사상구 새벽로168번길 37, 1층 (감전동)",부산광역시 사상구 감전동 121-22 ,한식,국밥, 051 3135128
부산양지탕,부산광역시 사상구 새벽시장로 146 (감전동),부산광역시 사상구 감전동 139-33 ,한식,양지창,051 317 3677
샤브향 주례개금점,부산광역시 사상구 가야대로 384 (주례동),부산광역시 사상구 주례동 57-14 ,한식,샤브샤브,051 312 5454
돈돈촌,부산광역시 사상구 백양대로 887-26 (모라동),부산광역시 사상구 모라동 521 ,한식,돼지갈비, 051 3168383
청기와샤브샤브,부산광역시 사상구 학감대로39번안길 15-9 (학장동),부산광역시 사상구 학장동 160-7 외2필지(C동) ,한식,샤브샤브, 051 3249015
골목아구찜,부산광역시 사상구 모라로 90-14 (모라동),부산광역시 사상구 모라동 952-5 ,한식,아구찜, 051 3150755
33숯불갈비,부산광역시 사상구 낙동대로776번길 27 (엄궁동),부산광역시 사상구 엄궁동 514-27 ,한식,돼지갈비, 051 3173177
분홍돼지,"부산광역시 사상구 가야대로282번길 38, 1층 (주례동)",부산광역시 사상구 주례동 1162-100 ,한식,찜갈비,051  3163455
"사상목촌돼지국밥, 국민삼겹",부산광역시 사상구 광장로 85 (괘법동),부산광역시 사상구 괘법동 545-22 ,한식,돼지국밥,051 361 7000
청운횟집,부산광역시 사상구 광장로81번길 28 (괘법동),부산광역시 사상구 괘법동 536-9 ,한식,생선회,051 317 1200
외식1번가서부산,부산광역시 사상구 농산물시장로 36 (엄궁동),부산광역시 사상구 엄궁동 652-7 ,한식,소갈비,051 324 5757
24시 전주명가 콩나물국밥 사상덕포점,"부산광역시 사상구 사상로 332, 1층 (덕포동)",부산광역시 사상구 덕포동 404-9 1층 ,한식,생선회,051 303 7314
샤브향,"부산광역시 사상구 백양대로 987, 5층 (모라동)",부산광역시 사상구 모라동 170 5층 ,한식,쌈, 051 3023535
신월 양꼬치,부산광역시 사상구 주례로9번길 25 (주례동),부산광역시 사상구 주례동 55-198 ,한식,닭갈비,051 312 9233
한라돈이 익는 마을애,부산광역시 사상구 광장로 103 (괘법동),부산광역시 사상구 괘법동 543-10 ,한식,삽겹살,051 312 7499
오이시,"부산광역시 사상구 가야대로284번길 11, 1층 (주례동)",부산광역시 사상구 주례동 507-18 ,일식,초밥,051 313 8253
힘쎈민물장어,부산광역시 사상구 주례로 261 (학장동),부산광역시 사상구 학장동 535-11 ,한식,장어,051 316 8001
정다옥 설렁탕,"부산광역시 사상구 농산물시장로 22, 1층 103호 (엄궁동)",부산광역시 사상구 엄궁동 651-103 103호 ,한식,설렁탕,051 623 1233
이화수전통육개장 사상구청점,"부산광역시 사상구 학감대로 257, A동 1층 108호 (감전동, 보생빌딩)",부산광역시 사상구 감전동 134-8 108호 ,한식,육개장,051 323 8006
죽도집,부산광역시 기장군 기장읍 연화1길 215,부산광역시 기장군 기장읍 연화리 112 ,한식,생선회, 051 7212411
나루터연화,부산광역시 기장군 기장읍 연화1길 183 (3층 중 1층),부산광역시 기장군 기장읍 연화리 143 3층 중 1층 ,,생선회, 051 7212415
장안매운탕,"부산광역시 기장군 장안읍 장안로 75-4, 1층",부산광역시 기장군 장안읍 기룡리 306 1층 ,한식,매운탕, 051 7270679
장안집,부산광역시 기장군 장안읍 장안로 365,부산광역시 기장군 장안읍 장안리 420 1층 ,한식,오리불고기, 051 7271819
가보자짬뽕,부산광역시 기장군 장안읍 해맞이로 425,부산광역시 기장군 장안읍 길천리 205-4 ,중식,중식, 051 7273911
가마솥생복집,부산광역시 기장군 기장읍 차성로 327-2,부산광역시 기장군 기장읍 동부리 117-10 ,한식,복요리, 051 7222995
기장밀면,부산광역시 기장군 기장읍 청강로85번길 100,부산광역시 기장군 기장읍 청강리 158-4 ,한식,밀면, 051 7213087
동양가든,부산광역시 기장군 기장읍 반송로 1550,부산광역시 기장군 기장읍 서부리 13-3 ,한식,"한우, 돼지고기", 051 7228673
천지대게,"부산광역시 기장군 기장읍 차성로288번길 11, 1층",부산광역시 기장군 기장읍 대라리 419-30 1층 ,,"킹크랩, 대게",051 724 0203
오양수산장어구이센터,부산광역시 기장군 기장읍 기장해안로 548-3,부산광역시 기장군 기장읍 대변리 203-5 ,한식,장어구이, 051 7210074
기장해변짚불곰장어,부산광역시 기장군 기장읍 공수2길 11,부산광역시 기장군 기장읍 시랑리 563-1 ,한식,곰장어, 051 7214539
일광대복집,부산광역시 기장군 일광읍 이화로 3,부산광역시 기장군 일광읍 이천리 771-3 ,한식,복요리, 051 7211561
피터펫카페본점,부산광역시 기장군 기장읍 내리1길 13,부산광역시 기장군 기장읍 내리 346-5번지 ,한식,한우,051 988 8000
신라해장국(장안점),"부산광역시 기장군 장안읍 장안로 8, B동 109호",부산광역시 기장군 장안읍 기룡리 448-1 B동 109호,한식,해장국,051 727 7955
송하원,부산광역시 기장군 철마면 안평로11번나길 11-4,부산광역시 기장군 철마면 안평리 518-5 ,한식,한우,051 721 8692
속초이모네,부산광역시 기장군 기장읍 대변로 105,부산광역시 기장군 기장읍 대변리 517 ,,생선찜, 051 6126253
장안민물장어,부산광역시 기장군 장안읍 하근1길 5,부산광역시 기장군 장안읍 기룡리 313-9 ,,민물장어,051 727 8292
